{"referenceId":null,"name":"DevConTalkDataModel","description":null,"editorJson":{"id":20020,"name":"DevConTalkDataModel","dataSourceType":"custom","entities":[{"name":"Opportunity","description":"","attributes":[{"name":"Id","type":"string","description":"","primaryKey":false,"generatedValue":false,"identity":false,"required":false},{"name":"AccountNumber","type":"string","description":"","primaryKey":false,"generatedValue":false,"identity":false,"required":false},{"name":"OpportunityName","type":"string","description":"","primaryKey":false,"generatedValue":false,"identity":false,"required":false},{"name":"Description","type":"string","description":"","primaryKey":false,"generatedValue":false,"identity":false,"required":false},{"name":"ExpectedRevenue","type":"string","description":"","primaryKey":false,"generatedValue":false,"identity":false,"required":false},{"name":"Stage","type":"string","description":"","primaryKey":false,"generatedValue":false,"identity":false,"required":false}]},{"name":"SubscriptionAccount","description":"","attributes":[{"name":"Id","type":"string","description":"","primaryKey":false,"generatedValue":false,"identity":false,"required":false},{"name":"AccountNumber","type":"string","description":"","primaryKey":false,"generatedValue":false,"identity":false,"required":false},{"name":"Name","type":"string","description":"","primaryKey":false,"generatedValue":false,"identity":false,"required":false},{"name":"BillCycleDay","type":"string","description":"","primaryKey":false,"generatedValue":false,"identity":false,"required":false},{"name":"Currency","type":"string","description":"","primaryKey":false,"generatedValue":false,"identity":false,"required":false},{"name":"PaymentTerm","type":"string","description":"","primaryKey":false,"generatedValue":false,"identity":false,"required":false},{"name":"Status","type":"string","description":"","primaryKey":false,"generatedValue":false,"identity":false,"required":false}]}]}}