{"resourceId":20021,"properties":{"process_id":"DevConMuleSoftIntegrationDemoProcess","name":"DevCon MuleSoft Integration Demo Process","documentation":"","process_author":"","process_version":"","process_namespace":"http://www.activiti.org/processdef","executionlisteners":"","eventlisteners":"","signaldefinitions":"","messagedefinitions":"","executionvariables":"","metadata":""},"stencil":{"id":"BPMNDiagram"},"childShapes":[{"resourceId":"startEvent1","properties":{"overrideid":"","name":"","documentation":"","executionlisteners":"","initiator":"","formkeydefinition":"","formreference":{"id":20022,"name":"Start Form","referenceId":null},"fieldstovariables":[{"mappedDataModel":20020,"formField":{"fieldType":"RestFieldRepresentation","id":"opportunity","name":"Opportunity","type":"typeahead","value":null,"required":false,"readOnly":false,"overrideId":false,"colspan":1,"placeholder":null,"minLength":0,"maxLength":0,"minValue":null,"maxValue":null,"regexPattern":null,"optionType":null,"hasEmptyValue":null,"options":null,"restUrl":"http://0.0.0.0:8088/api/datamodels/Opportunity","restResponsePath":null,"restIdProperty":"Id","restLabelProperty":"OpportunityName","tab":null,"className":null,"params":{"existingColspan":1,"maxColspan":2},"dateDisplayFormat":null,"layout":{"row":-1,"column":-1,"colspan":1},"sizeX":1,"sizeY":1,"row":-1,"col":-1,"visibilityCondition":null,"endpoint":null,"requestHeaders":null,"$$hashKey":"object:4880"},"mappedColumn":"Id","mappedEntity":"Opportunity","mappedVariableName":"currentOpportunity","$$hashKey":"uiGrid-006A"}],"formproperties":""},"stencil":{"id":"StartNoneEvent"},"childShapes":[],"outgoing":[{"resourceId":"sid-F2BF4559-E5BB-4987-B53F-A802785C867D"}],"bounds":{"lowerRight":{"x":120.00000000000001,"y":180.00000000000003},"upperLeft":{"x":90.00000000000001,"y":150.00000000000003}},"dockers":[]},{"resourceId":"sid-390AC796-A3EF-429D-BC05-A6C28E813D4C","properties":{"overrideid":"","name":"Final Review Opportunity","documentation":"","asynchronousdefinition":"false","exclusivedefinition":"false","executionlisteners":"","multiinstance_type":"None","multiinstance_cardinality":"","multiinstance_collection":"","multiinstance_variable":"","multiinstance_condition":"","isforcompensation":"false","usertasksendemail":true,"usertaskassignment":"","formkeydefinition":"","formreference":{"id":20023,"name":"Reviewer","referenceId":null},"fieldstovariables":"","duedatedefinition":"","prioritydefinition":"","categorydefinition":"","formproperties":"","tasklisteners":"","emailtemplate":""},"stencil":{"id":"UserTask"},"childShapes":[],"outgoing":[{"resourceId":"sid-C30550C2-8929-4973-A52A-555583853261"}],"bounds":{"lowerRight":{"x":310,"y":205.00000000000006},"upperLeft":{"x":210.00000000000003,"y":125.00000000000004}},"dockers":[]},{"resourceId":"sid-F2BF4559-E5BB-4987-B53F-A802785C867D","properties":{"overrideid":"","name":"","documentation":"","conditionsequenceflow":"","executionlisteners":"","defaultflow":"false"},"stencil":{"id":"SequenceFlow"},"childShapes":[],"outgoing":[{"resourceId":"sid-390AC796-A3EF-429D-BC05-A6C28E813D4C"}],"bounds":{"lowerRight":{"x":209.3515625,"y":165.00000000000006},"upperLeft":{"x":120.53125,"y":165.00000000000006}},"dockers":[{"x":15,"y":15},{"x":49.999999999999986,"y":40.00000000000001}],"target":{"resourceId":"sid-390AC796-A3EF-429D-BC05-A6C28E813D4C"}},{"resourceId":"sid-C30550C2-8929-4973-A52A-555583853261","properties":{"overrideid":"","name":"","documentation":"","conditionsequenceflow":"","executionlisteners":"","defaultflow":"false"},"stencil":{"id":"SequenceFlow"},"childShapes":[],"outgoing":[{"resourceId":"sid-8B407988-A360-4D2B-B2DB-528B8ED7CE2D"}],"bounds":{"lowerRight":{"x":374.37109375,"y":165.00000000000006},"upperLeft":{"x":310.62890625,"y":165.00000000000006}},"dockers":[{"x":49.999999999999986,"y":40.00000000000001},{"x":50,"y":39.99999999999999}],"target":{"resourceId":"sid-8B407988-A360-4D2B-B2DB-528B8ED7CE2D"}},{"resourceId":"sid-8B407988-A360-4D2B-B2DB-528B8ED7CE2D","properties":{"overrideid":"","name":"Create Subscription Account","documentation":"","alfrescoactiontask_publish_as_type":"","entityattributemapping":{"mappedDataModel":20020,"mappedEntity":"SubscriptionAccount","attributeMappings":[{"attributeName":"Id","attributeType":"string","attributePrimaryKey":false,"attributeIdentity":false,"attributeRequired":false,"$$hashKey":"uiGrid-0009"},{"attributeName":"AccountNumber","attributeType":"string","attributePrimaryKey":false,"attributeIdentity":false,"attributeRequired":false,"$$hashKey":"uiGrid-000B"},{"attributeName":"Name","attributeType":"string","attributePrimaryKey":false,"attributeIdentity":false,"attributeRequired":false,"valueType":"field","formField":{"id":"subscriptionaccountname","name":"Subscription Account Name","type":"text"},"$$hashKey":"uiGrid-000D"},{"attributeName":"AutoPay","attributeType":"string","attributePrimaryKey":false,"attributeIdentity":false,"attributeRequired":false,"valueType":"static","formField":null,"$$hashKey":"uiGrid-000F","variable":null,"staticValue":null},{"attributeName":"BillCycleDay","attributeType":"string","attributePrimaryKey":false,"attributeIdentity":false,"attributeRequired":false,"valueType":"field","formField":{"id":"billcycleday","name":"Bill Cycle Day","type":"text"},"$$hashKey":"uiGrid-000H"},{"attributeName":"Currency","attributeType":"string","attributePrimaryKey":false,"attributeIdentity":false,"attributeRequired":false,"valueType":"field","formField":{"id":"currency","name":"Currency","type":"text"},"$$hashKey":"uiGrid-000J"},{"attributeName":"PaymentTerm","attributeType":"string","attributePrimaryKey":false,"attributeIdentity":false,"attributeRequired":false,"valueType":"field","formField":{"id":"paymentterm","name":"Payment Term","type":"text"},"$$hashKey":"uiGrid-000L"},{"attributeName":"Status","attributeType":"string","attributePrimaryKey":false,"attributeIdentity":false,"attributeRequired":false,"valueType":"static","staticValue":"Draft","$$hashKey":"uiGrid-000N"}],"newVariableName":"currentSubscriptionAccount"},"asynchronousdefinition":"false","exclusivedefinition":"false","executionlisteners":"","multiinstance_type":"None","multiinstance_cardinality":"","multiinstance_collection":"","multiinstance_variable":"","multiinstance_condition":"","usertasksendemail":true,"type":"http://b3mn.org/stencilset/bpmn2.0#UserTask","emailtemplate":"","usertaskassignment":"","formkeydefinition":"","formreference":"","fieldstovariables":"","duedatedefinition":"","prioritydefinition":"","categorydefinition":"","formproperties":"","isforcompensation":"false","tasklisteners":""},"stencil":{"id":"StoreEntityTask"},"childShapes":[],"outgoing":[{"resourceId":"sid-9F488306-AB7C-4FD1-8C26-8FC93AF2AAAB"}],"bounds":{"lowerRight":{"x":475.00000000000006,"y":205.00000000000006},"upperLeft":{"x":375.00000000000006,"y":125.00000000000007}},"dockers":[]},{"resourceId":"sid-527476C0-91B5-41F7-9CE7-3444D0B9DB81","properties":{"overrideid":"","name":"","documentation":"","executionlisteners":""},"stencil":{"id":"EndNoneEvent"},"childShapes":[],"outgoing":[],"bounds":{"lowerRight":{"x":718.0000000000001,"y":179.00000000000006},"upperLeft":{"x":690.0000000000001,"y":151.00000000000006}},"dockers":[]},{"resourceId":"sid-90C4F3C6-F862-48A7-B5D5-C2C9A1C1945E","properties":{"overrideid":"","name":"Review Created Account","documentation":"","asynchronousdefinition":"false","exclusivedefinition":"false","executionlisteners":"","multiinstance_type":"None","multiinstance_cardinality":"","multiinstance_collection":"","multiinstance_variable":"","multiinstance_condition":"","isforcompensation":"false","usertasksendemail":true,"usertaskassignment":"","formkeydefinition":"","formreference":{"id":20024,"name":"Review Subscription Account","referenceId":20021},"fieldstovariables":"","duedatedefinition":"","prioritydefinition":"","categorydefinition":"","formproperties":"","tasklisteners":"","emailtemplate":""},"stencil":{"id":"UserTask"},"childShapes":[],"outgoing":[{"resourceId":"sid-96ED1675-2150-43C2-80FB-43CD77638D5D"}],"bounds":{"lowerRight":{"x":620,"y":205.00000000000006},"upperLeft":{"x":520,"y":125.00000000000006}},"dockers":[]},{"resourceId":"sid-9F488306-AB7C-4FD1-8C26-8FC93AF2AAAB","properties":{"overrideid":"","name":"","documentation":"","conditionsequenceflow":"","executionlisteners":"","defaultflow":"false"},"stencil":{"id":"SequenceFlow"},"childShapes":[],"outgoing":[{"resourceId":"sid-90C4F3C6-F862-48A7-B5D5-C2C9A1C1945E"}],"bounds":{"lowerRight":{"x":519.15625,"y":165.00000000000006},"upperLeft":{"x":475.84375,"y":165.00000000000006}},"dockers":[{"x":50,"y":40},{"x":50,"y":40}],"target":{"resourceId":"sid-90C4F3C6-F862-48A7-B5D5-C2C9A1C1945E"}},{"resourceId":"sid-96ED1675-2150-43C2-80FB-43CD77638D5D","properties":{"overrideid":"","name":"","documentation":"","conditionsequenceflow":"","executionlisteners":"","defaultflow":"false"},"stencil":{"id":"SequenceFlow"},"childShapes":[],"outgoing":[{"resourceId":"sid-527476C0-91B5-41F7-9CE7-3444D0B9DB81"}],"bounds":{"lowerRight":{"x":689.390625,"y":165.00000000000006},"upperLeft":{"x":620.203125,"y":165.00000000000006}},"dockers":[{"x":50,"y":40},{"x":14,"y":14}],"target":{"resourceId":"sid-527476C0-91B5-41F7-9CE7-3444D0B9DB81"}}],"bounds":{"lowerRight":{"x":1200,"y":1050},"upperLeft":{"x":0,"y":0}},"stencilset":{"url":"stencilsets/bpmn2.0/bpmn2.0.json","namespace":"http://b3mn.org/stencilset/bpmn2.0#"},"ssextensions":[]}