<?xml version='1.0' encoding='UTF-8'?>
<definitions xmlns="http://www.omg.org/spec/BPMN/20100524/MODEL" xmlns:xsi="http://www.w3.org/2001/XMLSchema-instance" xmlns:xsd="http://www.w3.org/2001/XMLSchema" xmlns:activiti="http://activiti.org/bpmn" xmlns:bpmndi="http://www.omg.org/spec/BPMN/20100524/DI" xmlns:omgdc="http://www.omg.org/spec/DD/20100524/DC" xmlns:omgdi="http://www.omg.org/spec/DD/20100524/DI" typeLanguage="http://www.w3.org/2001/XMLSchema" expressionLanguage="http://www.w3.org/1999/XPath" targetNamespace="http://www.activiti.org/processdef" xmlns:modeler="http://activiti.com/modeler" modeler:version="1.0en" modeler:exportDateTime="20180108150447271" modeler:modelId="20021" modeler:modelVersion="5" modeler:modelLastUpdated="1515444760333">
  <process id="DevConMuleSoftIntegrationDemoProcess" name="DevCon MuleSoft Integration Demo Process" isExecutable="true">
    <startEvent id="startEvent1" activiti:formKey="20022">
      <extensionElements>
        <modeler:form-reference-id><![CDATA[20022]]></modeler:form-reference-id>
        <modeler:form-reference-name><![CDATA[Start Form]]></modeler:form-reference-name>
        <modeler:field-to-variable-mapping modeler:mappedDataModel="20020" modeler:mappedEntity="Opportunity" modeler:formFieldId="opportunity" modeler:formFieldName="Opportunity" modeler:mappedColumn="Id" modeler:mappedVariableName="currentOpportunity"/>
        <modeler:editor-resource-id><![CDATA[startEvent1]]></modeler:editor-resource-id>
      </extensionElements>
    </startEvent>
    <userTask id="sid-390AC796-A3EF-429D-BC05-A6C28E813D4C" name="Final Review Opportunity" activiti:assignee="$INITIATOR" activiti:formKey="20023">
      <extensionElements>
        <modeler:allow-send-email><![CDATA[true]]></modeler:allow-send-email>
        <modeler:form-reference-id><![CDATA[20023]]></modeler:form-reference-id>
        <modeler:form-reference-name><![CDATA[Reviewer]]></modeler:form-reference-name>
        <modeler:activiti-idm-initiator><![CDATA[true]]></modeler:activiti-idm-initiator>
        <modeler:editor-resource-id><![CDATA[sid-390AC796-A3EF-429D-BC05-A6C28E813D4C]]></modeler:editor-resource-id>
      </extensionElements>
    </userTask>
    <sequenceFlow id="sid-F2BF4559-E5BB-4987-B53F-A802785C867D" sourceRef="startEvent1" targetRef="sid-390AC796-A3EF-429D-BC05-A6C28E813D4C">
      <extensionElements>
        <modeler:editor-resource-id><![CDATA[sid-F2BF4559-E5BB-4987-B53F-A802785C867D]]></modeler:editor-resource-id>
      </extensionElements>
    </sequenceFlow>
    <sequenceFlow id="sid-C30550C2-8929-4973-A52A-555583853261" sourceRef="sid-390AC796-A3EF-429D-BC05-A6C28E813D4C" targetRef="sid-8B407988-A360-4D2B-B2DB-528B8ED7CE2D">
      <extensionElements>
        <modeler:editor-resource-id><![CDATA[sid-C30550C2-8929-4973-A52A-555583853261]]></modeler:editor-resource-id>
      </extensionElements>
    </sequenceFlow>
    <serviceTask id="sid-8B407988-A360-4D2B-B2DB-528B8ED7CE2D" name="Create Subscription Account" activiti:delegateExpression="${activiti_storeEntityDelegate}">
      <extensionElements>
        <activiti:field name="publishAsType">
          <activiti:string><![CDATA[process_initiator]]></activiti:string>
        </activiti:field>
        <modeler:entity-attribute-mapping modeler:mappedDataModel="20020" modeler:mappedEntity="SubscriptionAccount" modeler:newVariableName="currentSubscriptionAccount">
          <modeler:attribute-element-mapping modeler:attribute-name="Name" modeler:form-field-id="subscriptionaccountname" modeler:form-field-name="Subscription Account Name" modeler:form-field-type="text"/>
          <modeler:attribute-element-mapping modeler:attribute-name="BillCycleDay" modeler:form-field-id="billcycleday" modeler:form-field-name="Bill Cycle Day" modeler:form-field-type="text"/>
          <modeler:attribute-element-mapping modeler:attribute-name="Currency" modeler:form-field-id="currency" modeler:form-field-name="Currency" modeler:form-field-type="text"/>
          <modeler:attribute-element-mapping modeler:attribute-name="PaymentTerm" modeler:form-field-id="paymentterm" modeler:form-field-name="Payment Term" modeler:form-field-type="text"/>
          <modeler:attribute-element-mapping modeler:attribute-name="Status" modeler:staticValue="Draft"/>
        </modeler:entity-attribute-mapping>
        <modeler:editor-resource-id><![CDATA[sid-8B407988-A360-4D2B-B2DB-528B8ED7CE2D]]></modeler:editor-resource-id>
      </extensionElements>
    </serviceTask>
    <endEvent id="sid-527476C0-91B5-41F7-9CE7-3444D0B9DB81">
      <extensionElements>
        <modeler:editor-resource-id><![CDATA[sid-527476C0-91B5-41F7-9CE7-3444D0B9DB81]]></modeler:editor-resource-id>
      </extensionElements>
    </endEvent>
    <userTask id="sid-90C4F3C6-F862-48A7-B5D5-C2C9A1C1945E" name="Review Created Account" activiti:assignee="$INITIATOR" activiti:formKey="20024">
      <extensionElements>
        <modeler:allow-send-email><![CDATA[true]]></modeler:allow-send-email>
        <modeler:form-reference-id><![CDATA[20024]]></modeler:form-reference-id>
        <modeler:form-reference-name><![CDATA[Review Subscription Account]]></modeler:form-reference-name>
        <modeler:activiti-idm-initiator><![CDATA[true]]></modeler:activiti-idm-initiator>
        <modeler:editor-resource-id><![CDATA[sid-90C4F3C6-F862-48A7-B5D5-C2C9A1C1945E]]></modeler:editor-resource-id>
      </extensionElements>
    </userTask>
    <sequenceFlow id="sid-9F488306-AB7C-4FD1-8C26-8FC93AF2AAAB" sourceRef="sid-8B407988-A360-4D2B-B2DB-528B8ED7CE2D" targetRef="sid-90C4F3C6-F862-48A7-B5D5-C2C9A1C1945E">
      <extensionElements>
        <modeler:editor-resource-id><![CDATA[sid-9F488306-AB7C-4FD1-8C26-8FC93AF2AAAB]]></modeler:editor-resource-id>
      </extensionElements>
    </sequenceFlow>
    <sequenceFlow id="sid-96ED1675-2150-43C2-80FB-43CD77638D5D" sourceRef="sid-90C4F3C6-F862-48A7-B5D5-C2C9A1C1945E" targetRef="sid-527476C0-91B5-41F7-9CE7-3444D0B9DB81">
      <extensionElements>
        <modeler:editor-resource-id><![CDATA[sid-96ED1675-2150-43C2-80FB-43CD77638D5D]]></modeler:editor-resource-id>
      </extensionElements>
    </sequenceFlow>
  </process>
  <bpmndi:BPMNDiagram id="BPMNDiagram_DevConMuleSoftIntegrationDemoProcess">
    <bpmndi:BPMNPlane bpmnElement="DevConMuleSoftIntegrationDemoProcess" id="BPMNPlane_DevConMuleSoftIntegrationDemoProcess">
      <bpmndi:BPMNShape bpmnElement="startEvent1" id="BPMNShape_startEvent1">
        <omgdc:Bounds height="30.0" width="30.0" x="90.00000000000001" y="150.00000000000003"/>
      </bpmndi:BPMNShape>
      <bpmndi:BPMNShape bpmnElement="sid-390AC796-A3EF-429D-BC05-A6C28E813D4C" id="BPMNShape_sid-390AC796-A3EF-429D-BC05-A6C28E813D4C">
        <omgdc:Bounds height="80.00000000000001" width="99.99999999999997" x="210.00000000000003" y="125.00000000000004"/>
      </bpmndi:BPMNShape>
      <bpmndi:BPMNShape bpmnElement="sid-8B407988-A360-4D2B-B2DB-528B8ED7CE2D" id="BPMNShape_sid-8B407988-A360-4D2B-B2DB-528B8ED7CE2D">
        <omgdc:Bounds height="79.99999999999999" width="100.0" x="375.00000000000006" y="125.00000000000007"/>
      </bpmndi:BPMNShape>
      <bpmndi:BPMNShape bpmnElement="sid-527476C0-91B5-41F7-9CE7-3444D0B9DB81" id="BPMNShape_sid-527476C0-91B5-41F7-9CE7-3444D0B9DB81">
        <omgdc:Bounds height="28.0" width="28.0" x="690.0000000000001" y="151.00000000000006"/>
      </bpmndi:BPMNShape>
      <bpmndi:BPMNShape bpmnElement="sid-90C4F3C6-F862-48A7-B5D5-C2C9A1C1945E" id="BPMNShape_sid-90C4F3C6-F862-48A7-B5D5-C2C9A1C1945E">
        <omgdc:Bounds height="80.0" width="100.0" x="520.0" y="125.00000000000006"/>
      </bpmndi:BPMNShape>
      <bpmndi:BPMNEdge bpmnElement="sid-96ED1675-2150-43C2-80FB-43CD77638D5D" id="BPMNEdge_sid-96ED1675-2150-43C2-80FB-43CD77638D5D">
        <omgdi:waypoint x="620.0" y="165.00000000000006"/>
        <omgdi:waypoint x="690.0000000000001" y="165.00000000000006"/>
      </bpmndi:BPMNEdge>
      <bpmndi:BPMNEdge bpmnElement="sid-C30550C2-8929-4973-A52A-555583853261" id="BPMNEdge_sid-C30550C2-8929-4973-A52A-555583853261">
        <omgdi:waypoint x="310.0" y="165.00000000000006"/>
        <omgdi:waypoint x="375.00000000000006" y="165.00000000000006"/>
      </bpmndi:BPMNEdge>
      <bpmndi:BPMNEdge bpmnElement="sid-9F488306-AB7C-4FD1-8C26-8FC93AF2AAAB" id="BPMNEdge_sid-9F488306-AB7C-4FD1-8C26-8FC93AF2AAAB">
        <omgdi:waypoint x="475.00000000000006" y="165.00000000000006"/>
        <omgdi:waypoint x="520.0" y="165.00000000000006"/>
      </bpmndi:BPMNEdge>
      <bpmndi:BPMNEdge bpmnElement="sid-F2BF4559-E5BB-4987-B53F-A802785C867D" id="BPMNEdge_sid-F2BF4559-E5BB-4987-B53F-A802785C867D">
        <omgdi:waypoint x="120.00000000000001" y="165.00000000000003"/>
        <omgdi:waypoint x="210.00000000000003" y="165.00000000000006"/>
      </bpmndi:BPMNEdge>
    </bpmndi:BPMNPlane>
  </bpmndi:BPMNDiagram>
</definitions>