<?xml version='1.0' encoding='UTF-8'?>
<definitions xmlns="http://www.omg.org/spec/BPMN/20100524/MODEL" xmlns:xsi="http://www.w3.org/2001/XMLSchema-instance" xmlns:xsd="http://www.w3.org/2001/XMLSchema" xmlns:activiti="http://activiti.org/bpmn" xmlns:bpmndi="http://www.omg.org/spec/BPMN/20100524/DI" xmlns:omgdc="http://www.omg.org/spec/DD/20100524/DC" xmlns:omgdi="http://www.omg.org/spec/DD/20100524/DI" typeLanguage="http://www.w3.org/2001/XMLSchema" expressionLanguage="http://www.w3.org/1999/XPath" targetNamespace="http://www.activiti.org/processdef" xmlns:modeler="http://activiti.com/modeler" modeler:version="1.0en" modeler:exportDateTime="20171215095610820" modeler:modelId="5005" modeler:modelVersion="3" modeler:modelLastUpdated="1513349891492">
  <process id="VoiceDemoProcess" name="Voice Demo Process" isExecutable="true">
    <startEvent id="startEvent1" activiti:formKey="5006">
      <extensionElements>
        <modeler:form-reference-id><![CDATA[5006]]></modeler:form-reference-id>
        <modeler:form-reference-name><![CDATA[Voice Demo Process]]></modeler:form-reference-name>
        <modeler:editor-resource-id><![CDATA[startEvent1]]></modeler:editor-resource-id>
      </extensionElements>
    </startEvent>
    <endEvent id="sid-8138F285-58AC-4ACB-AD6A-55105E84D75F">
      <extensionElements>
        <modeler:editor-resource-id><![CDATA[sid-8138F285-58AC-4ACB-AD6A-55105E84D75F]]></modeler:editor-resource-id>
      </extensionElements>
    </endEvent>
    <userTask id="sid-FB481699-EC96-4C5A-A806-6BDAC092C272" name="Review Voice Input" activiti:assignee="$INITIATOR" activiti:formKey="5008">
      <extensionElements>
        <modeler:allow-send-email><![CDATA[true]]></modeler:allow-send-email>
        <modeler:form-reference-id><![CDATA[5008]]></modeler:form-reference-id>
        <modeler:form-reference-name><![CDATA[Review Voice Input]]></modeler:form-reference-name>
        <modeler:activiti-idm-initiator><![CDATA[true]]></modeler:activiti-idm-initiator>
        <modeler:editor-resource-id><![CDATA[sid-FB481699-EC96-4C5A-A806-6BDAC092C272]]></modeler:editor-resource-id>
      </extensionElements>
    </userTask>
    <sequenceFlow id="sid-3C0D1C88-9763-4BDA-995F-01CCA425C398" sourceRef="startEvent1" targetRef="sid-FB481699-EC96-4C5A-A806-6BDAC092C272">
      <extensionElements>
        <modeler:editor-resource-id><![CDATA[sid-3C0D1C88-9763-4BDA-995F-01CCA425C398]]></modeler:editor-resource-id>
      </extensionElements>
    </sequenceFlow>
    <sequenceFlow id="sid-49F2CA4A-9D7A-49BB-AD97-975855D13307" sourceRef="sid-FB481699-EC96-4C5A-A806-6BDAC092C272" targetRef="sid-8138F285-58AC-4ACB-AD6A-55105E84D75F">
      <extensionElements>
        <modeler:editor-resource-id><![CDATA[sid-49F2CA4A-9D7A-49BB-AD97-975855D13307]]></modeler:editor-resource-id>
      </extensionElements>
    </sequenceFlow>
  </process>
  <bpmndi:BPMNDiagram id="BPMNDiagram_VoiceDemoProcess">
    <bpmndi:BPMNPlane bpmnElement="VoiceDemoProcess" id="BPMNPlane_VoiceDemoProcess">
      <bpmndi:BPMNShape bpmnElement="startEvent1" id="BPMNShape_startEvent1">
        <omgdc:Bounds height="30.0" width="30.0" x="100.0" y="163.0"/>
      </bpmndi:BPMNShape>
      <bpmndi:BPMNShape bpmnElement="sid-8138F285-58AC-4ACB-AD6A-55105E84D75F" id="BPMNShape_sid-8138F285-58AC-4ACB-AD6A-55105E84D75F">
        <omgdc:Bounds height="28.0" width="28.0" x="480.00000000000006" y="164.00000000000003"/>
      </bpmndi:BPMNShape>
      <bpmndi:BPMNShape bpmnElement="sid-FB481699-EC96-4C5A-A806-6BDAC092C272" id="BPMNShape_sid-FB481699-EC96-4C5A-A806-6BDAC092C272">
        <omgdc:Bounds height="80.0" width="99.99999999999997" x="240.00000000000003" y="138.00000000000006"/>
      </bpmndi:BPMNShape>
      <bpmndi:BPMNEdge bpmnElement="sid-49F2CA4A-9D7A-49BB-AD97-975855D13307" id="BPMNEdge_sid-49F2CA4A-9D7A-49BB-AD97-975855D13307">
        <omgdi:waypoint x="340.0" y="178.00000000000006"/>
        <omgdi:waypoint x="480.00000000000006" y="178.00000000000003"/>
      </bpmndi:BPMNEdge>
      <bpmndi:BPMNEdge bpmnElement="sid-3C0D1C88-9763-4BDA-995F-01CCA425C398" id="BPMNEdge_sid-3C0D1C88-9763-4BDA-995F-01CCA425C398">
        <omgdi:waypoint x="130.0" y="178.0"/>
        <omgdi:waypoint x="240.00000000000003" y="178.00000000000006"/>
      </bpmndi:BPMNEdge>
    </bpmndi:BPMNPlane>
  </bpmndi:BPMNDiagram>
</definitions>