{"resourceId":5005,"properties":{"process_id":"VoiceDemoProcess","name":"Voice Demo Process","documentation":"","process_author":"","process_version":"","process_namespace":"http://www.activiti.org/processdef","executionlisteners":"","eventlisteners":"","signaldefinitions":"","messagedefinitions":"","executionvariables":"","metadata":""},"stencil":{"id":"BPMNDiagram"},"childShapes":[{"resourceId":"startEvent1","properties":{"overrideid":"","name":"","documentation":"","executionlisteners":"","initiator":"","formkeydefinition":"","formreference":{"id":5006,"name":"Voice Demo Process","referenceId":5005},"fieldstovariables":"","formproperties":""},"stencil":{"id":"StartNoneEvent"},"childShapes":[],"outgoing":[{"resourceId":"sid-3C0D1C88-9763-4BDA-995F-01CCA425C398"}],"bounds":{"lowerRight":{"x":130,"y":193},"upperLeft":{"x":100,"y":163}},"dockers":[]},{"resourceId":"sid-8138F285-58AC-4ACB-AD6A-55105E84D75F","properties":{"overrideid":"","name":"","documentation":"","executionlisteners":""},"stencil":{"id":"EndNoneEvent"},"childShapes":[],"outgoing":[],"bounds":{"lowerRight":{"x":508.00000000000006,"y":192.00000000000003},"upperLeft":{"x":480.00000000000006,"y":164.00000000000003}},"dockers":[]},{"resourceId":"sid-FB481699-EC96-4C5A-A806-6BDAC092C272","properties":{"overrideid":"","name":"Review Voice Input","documentation":"","asynchronousdefinition":"false","exclusivedefinition":"false","executionlisteners":"","multiinstance_type":"None","multiinstance_cardinality":"","multiinstance_collection":"","multiinstance_variable":"","multiinstance_condition":"","isforcompensation":"false","usertasksendemail":true,"usertaskassignment":"","formkeydefinition":"","formreference":{"id":5008,"name":"Review Voice Input","referenceId":5005},"fieldstovariables":"","duedatedefinition":"","prioritydefinition":"","categorydefinition":"","formproperties":"","tasklisteners":"","emailtemplate":""},"stencil":{"id":"UserTask"},"childShapes":[],"outgoing":[{"resourceId":"sid-49F2CA4A-9D7A-49BB-AD97-975855D13307"}],"bounds":{"lowerRight":{"x":340,"y":218.00000000000006},"upperLeft":{"x":240.00000000000003,"y":138.00000000000006}},"dockers":[]},{"resourceId":"sid-3C0D1C88-9763-4BDA-995F-01CCA425C398","properties":{"overrideid":"","name":"","documentation":"","conditionsequenceflow":"","executionlisteners":"","defaultflow":"false"},"stencil":{"id":"SequenceFlow"},"childShapes":[],"outgoing":[{"resourceId":"sid-FB481699-EC96-4C5A-A806-6BDAC092C272"}],"bounds":{"lowerRight":{"x":239.78125,"y":178.00000000000006},"upperLeft":{"x":130.35546875,"y":178}},"dockers":[{"x":15,"y":15},{"x":49.999999999999986,"y":40}],"target":{"resourceId":"sid-FB481699-EC96-4C5A-A806-6BDAC092C272"}},{"resourceId":"sid-49F2CA4A-9D7A-49BB-AD97-975855D13307","properties":{"overrideid":"","name":"","documentation":"","conditionsequenceflow":"","executionlisteners":"","defaultflow":"false"},"stencil":{"id":"SequenceFlow"},"childShapes":[],"outgoing":[{"resourceId":"sid-8138F285-58AC-4ACB-AD6A-55105E84D75F"}],"bounds":{"lowerRight":{"x":479.453125,"y":178.00000000000006},"upperLeft":{"x":340.40625,"y":178.00000000000006}},"dockers":[{"x":49.999999999999986,"y":40},{"x":14,"y":14}],"target":{"resourceId":"sid-8138F285-58AC-4ACB-AD6A-55105E84D75F"}}],"bounds":{"lowerRight":{"x":1200,"y":1050},"upperLeft":{"x":0,"y":0}},"stencilset":{"url":"stencilsets/bpmn2.0/bpmn2.0.json","namespace":"http://b3mn.org/stencilset/bpmn2.0#"},"ssextensions":[]}